{
    "precision": 0.8733695149421692,
    "recall": 0.8627114295959473,
    "f1": 0.8679355978965759,
    "precision_std": 0.019119838252663612,
    "recall_std": 0.012289251200854778,
    "f1_std": 0.014413660392165184,
    "hash": "roberta-large_L17_no-idf_version=0.3.12(hug_trans=4.42.3)",
    "num_samples": 1736
}